{
	// Place your snippets for python here. Each snippet is defined under a snippet name and has a prefix, body and 
	// description. The prefix is what is used to trigger the snippet and the body will be expanded and inserted. Possible variables are:
	// $1, $2 for tab stops, $0 for the final cursor position, and ${1:label}, ${2:another} for placeholders. Placeholders with the 
	// same ids are connected.
	// Example:
	// "Print to console": {
	// 	"prefix": "log",
	// 	"body": [
	// 		"console.log('$1');",
	// 		"$2"
	// 	],
	// 	"description": "Log output to console"
	// }
	"# = int(input())": {
		"prefix": "ii",
		"body": "= int(input())"
	},
	"# = map(int, input().split())": {
		"prefix": "mm",
		"body": "= map(int, input().split())"
	},
	"# = list(map(int, input().split()))": {
		"prefix": "ll",
		"body": "= list(map(int, input().split()))"
	},
	"list(map(int, input().split()))": {
		"prefix": "lll",
		"body": "list(map(int, input().split()))"
	},
	"range": {
		"prefix": "rr",
		"body": "range"
	},
	"print('Yes')": {
		"prefix": "yy",
		"body": "print('Yes')"
	},
	"print('No')": {
		"prefix": "nn",
		"body": "print('No')"
	},
	"fastIO": {
		"prefix": "fastio",
		"body": "from sys import stdin; input = stdin.readline"
	},
	"0-base_i": {
		"prefix": "zii",
		"body": "lambda x: int(x)-1"
	},
	"上下左右": {
		"prefix": "dir4",
		"body": "((-1,0),(1,0),(0,-1),(0,1))"
	},
	"８方向": {
		"prefix": "dir8",
		"body": "((-1,0),(1,0),(0,-1),(0,1),(-1,-1),(1,1),(-1,1),(1,-1))"
	},
	"再帰limit": {
		"prefix": "lim",
		"body": "from sys import setrecursionlimit; setrecursionlimit(10**6)"
	},
	"メモ化再帰": {
		"prefix": "memc",
		"body": "from functools import cache    #@cache"
	},
}
